Humidity,LDR,Soil Moisture,TDS,Temperature,Motors
68,726,193,850.6012,28,0
72,678,194,838.16528,28,0
78,208,160,862.27417,29.3,0
68,716,196,851.59302,28,0
66,209,152,886.07788,29.8,0
71,677,196,851.97449,28,0
76,789,152,872.65015,28.9,0
76,172,157,862.88452,29.3,0
69,712,195,852.89001,28,0
76,209,157,863.26599,29.3,0
64,194,155,886.23047,30.2,0
72,685,193,842.43774,27.6,0
72,458,195,842.28516,27.6,0
76,307,158,863.64746,29.3,0
76,286,159,863.34229,29.3,0
75,253,157,863.95264,29.3,0
76,225,157,864.10522,29.3,0
65,183,155,886.61194,30.2,0
65,190,152,886.84082,30.2,0
71,680,193,849.3042,27.6,0
75,195,158,864.18152,28.9,0
73,499,148,854.41589,28,0
76,237,158,864.33411,29,0
76,789,153,873.2605,28.9,0
75,789,154,873.03162,28.9,0
75,238,160,864.4104,28.9,0
74,789,153,872.87903,28.9,0
77,276,157,864.25781,28.9,0
76,238,160,864.63928,28.9,0
73,456,166,841.82739,27.6,0
71,455,166,841.90369,27.6,0
78,271,160,864.56299,28.9,0
78,789,153,873.10791,28.9,0
71,455,164,841.6748,27.6,0
72,454,167,841.97998,27.6,0
80,789,156,873.2605,28.9,0
72,453,164,841.97998,27.6,0
77,375,158,865.02075,28.9,0
80,789,154,873.2605,28.9,0
80,789,152,873.41309,28.9,0
71,452,164,842.20886,27.6,0
78,788,152,873.79456,28.9,0
77,153,157,865.09705,28.9,0
71,451,165,842.66663,27.6,0
78,789,155,873.56567,28.9,0
77,208,159,865.32593,28.9,0
71,450,164,842.66663,27.6,0
82,789,153,874.02344,28.9,0
79,380,157,865.6311,28.9,0
72,449,168,842.81921,27.6,0
80,789,154,873.94714,28.9,0
76,306,157,865.85999,28.9,0
71,448,164,843.27698,27.6,0
80,789,156,873.41309,28.9,0
78,464,160,865.85999,28.6,0
71,447,165,843.27698,27.6,0
81,788,155,873.71826,28.9,0
77,487,158,865.7074,28.5,0
73,446,166,842.89551,27.6,0
83,789,155,873.94714,28.9,0
76,571,159,865.47852,28.5,0
71,446,167,842.81921,27.6,0
80,789,153,874.25232,28.9,0
76,618,159,865.09705,28.5,0
71,445,168,842.9718,27.6,0
84,789,154,874.5575,28.5,0
76,729,160,864.94446,28,0
72,444,167,843.35327,27.6,0
80,789,154,873.79456,28.9,0
77,779,158,864.4104,28,0
71,443,165,843.73474,27.6,0
79,789,156,874.32861,28.9,0
77,789,157,864.48669,28,0
73,442,165,843.73474,27.3,0
80,788,153,874.17603,28.9,0
79,789,160,863.72375,27.6,0
72,442,167,843.42957,27.1,0
83,706,155,874.78638,28.5,0
79,790,157,863.80005,28,0
70,441,165,843.73474,27.1,0
83,789,154,874.86267,28.5,0
80,790,159,863.41858,27.6,0
71,439,165,843.96362,27.1,0
84,788,152,875.09155,28.5,0
81,790,159,863.72375,27.6,0
72,439,168,843.88733,27.1,0
84,789,156,875.01526,28,0
81,790,158,863.03711,27.6,0
70,437,166,844.1925,27.1,0
83,789,156,875.16785,28,0
81,790,160,863.03711,27.6,0
72,436,165,844.34509,27.1,0
82,789,155,875.09155,28,0
81,790,160,863.26599,27.6,0
70,435,165,844.57397,27.1,0
83,789,154,874.93896,28,0
82,790,161,862.50305,27.6,0
69,435,167,844.49768,27.1,0
82,789,153,874.93896,28,0
82,790,159,863.03711,27.6,0
71,434,166,844.72656,27.1,0
82,789,155,874.4812,28,0
82,790,157,862.73193,27.6,0
70,433,168,844.87915,27.1,0
83,789,156,874.86267,28,0
83,790,159,862.65564,27.6,0
70,432,166,844.72656,27.1,0
83,789,154,874.71008,28,0
83,790,158,862.50305,27.6,0
71,432,168,844.72656,27.1,0
83,789,152,874.86267,28,0
84,790,159,862.35046,27.6,0
72,431,166,845.26062,27.1,0
84,788,152,874.63379,27.7,0
85,790,160,862.27417,27.6,0
71,431,168,845.41321,27.1,0
85,788,156,873.48938,27.6,0
82,790,160,862.19788,27.1,0
72,430,168,845.26062,27.1,0
85,788,154,874.25232,27.6,0
81,790,157,862.12158,27.1,0
73,429,165,845.87097,27.1,0
85,789,153,874.09973,27.6,0
82,790,158,861.58752,27.1,0
71,429,167,845.5658,27.1,0
85,788,154,874.09973,27.6,0
83,790,159,861.28235,27.1,0
73,428,168,845.79468,27.1,0
85,788,154,874.02344,27.6,0
81,790,160,861.12976,27.1,0
73,428,166,845.71838,27.1,0
85,788,152,874.09973,27.6,0
83,789,158,861.12976,27.1,0
71,427,168,846.02356,27.1,0
85,788,152,873.64197,27.6,0
82,790,161,861.12976,27.1,0
73,426,167,846.17615,27.1,0
85,789,156,873.48938,27.6,0
81,789,159,861.12976,27.1,0
73,426,166,846.17615,27.1,0
85,788,152,873.56567,27.6,0
82,790,161,861.12976,27.1,0
73,425,166,846.40503,27.1,0
85,788,152,873.64197,27.6,0
81,790,161,860.82458,27.1,0
74,425,165,846.48132,27.1,0
85,788,156,873.1842,27.6,0
81,790,158,860.90088,27.1,0
72,417,167,846.86279,26.7,0
85,788,152,873.41309,27.3,0
81,790,161,861.05347,27.1,0
72,410,168,847.16797,27.1,0
85,789,154,873.03162,27.2,0
81,790,160,860.5957,27.1,0
73,402,168,847.16797,27.1,0
85,788,152,873.1842,27.1,0
80,790,160,860.13794,27.1,0
72,394,168,847.62573,27.1,0
85,788,154,872.11609,27.1,0
81,790,160,860.51941,27.1,0
75,388,165,848.0835,27.1,0
85,788,153,872.80273,27.1,0
79,790,161,860.06165,27.1,0
73,386,168,848.0835,27.1,0
85,788,152,872.57385,27.3,0
80,790,159,859.83276,27.1,0
73,387,168,848.15979,27.1,0
85,788,155,872.49756,27.1,0
80,790,158,859.75647,27.1,0
73,383,167,848.69385,27.1,0
85,789,154,872.34497,27.1,0
80,790,161,859.06982,26.7,0
74,378,166,848.99902,27.1,0
85,788,152,872.72644,27.2,0
80,790,159,859.14612,26.7,0
75,374,165,849.76196,27.1,0
85,788,153,872.19238,27.1,0
81,789,161,858.91724,26.7,0
73,372,168,849.91455,27.6,0
85,788,154,872.11609,27.2,0
81,790,159,858.84094,26.7,0
81,790,161,858.68835,26.7,0
73,364,168,850.29602,27.6,0
85,788,152,871.9635,27.6,0
81,790,160,858.00171,26.7,0
71,362,165,851.59302,27.6,0
85,789,155,872.34497,27.1,0
81,790,158,858.76465,26.7,0
73,360,167,852.12708,27.6,0
85,788,155,871.9635,27.1,0
82,790,160,858.53577,26.7,0
71,359,167,852.35596,27.6,0
85,788,155,872.11609,27.1,0
81,790,162,858.76465,26.7,0
69,355,165,852.81372,27.6,0
85,788,152,872.26868,27.1,0
81,790,158,859.22241,26.7,0
70,354,168,852.89001,27.6,0
85,788,154,871.12427,27.1,0
83,789,158,859.22241,26.7,0
71,348,166,853.19519,27.6,0
85,788,153,871.81091,27.1,0
82,790,158,859.06982,26.7,0
69,345,167,853.34778,27.6,0
85,788,156,871.81091,27.1,0
81,790,160,858.84094,26.7,0
70,344,168,853.95813,28,0
85,788,153,871.9635,27.1,0
83,790,159,858.76465,26.7,0
66,343,166,854.3396,28,0
86,785,152,871.65833,27.1,0
83,790,158,858.84094,26.7,0
67,339,167,854.3396,28,0
86,781,156,871.42944,27.1,0
82,790,160,858.38318,26.7,0
68,334,165,854.64478,28,0
85,776,152,871.27686,27.1,0
83,789,159,858.84094,26.7,0
70,329,166,854.94995,28,0
89,453,151,871.20056,26.2,0
83,790,158,858.76465,26.7,0
63,328,166,855.10254,28,0
85,446,154,871.20056,27.1,0
84,790,161,858.45947,26.7,0
68,326,167,855.40771,28,0
84,416,152,871.04797,27.1,0
83,790,159,858.84094,26.7,0
63,327,168,855.5603,28.4,0
84,395,156,870.97168,27.1,0
83,790,158,859.22241,26.7,0
68,329,168,856.17065,28.5,0
84,367,156,871.20056,27.1,0
83,790,161,858.68835,26.7,0
71,196,149,866.85181,29.3,0
85,365,152,871.12427,27.1,0
83,790,158,858.61206,26.7,0
63,214,151,836.79199,28.5,0
85,354,154,871.04797,27.1,0
83,790,160,858.53577,26.7,0
71,172,156,831.75659,28.5,0
88,324,153,871.12427,26.2,0
84,790,158,858.38318,26.7,0
67,167,154,831.83289,28.5,0
90,323,151,871.04797,26.7,0
83,790,161,858.45947,26.7,0
63,164,156,832.06177,28.5,0
86,319,153,871.50574,27.1,0
84,790,161,857.84912,26.3,0
66,168,158,832.21436,28.9,0
86,290,153,871.9635,27.6,0
83,789,161,858.23059,26.2,0
64,159,160,832.13806,28.9,0
86,267,152,872.19238,27.6,0
83,790,160,858.00171,26.2,0
62,177,159,832.21436,28.9,0
86,246,152,872.42126,27.1,0
83,790,161,857.62024,26.2,0
65,187,161,832.51953,28.9,0
88,240,155,872.26868,27.6,0
83,790,159,857.69653,26.2,0
67,163,160,832.74841,28.9,0
91,239,155,872.65015,27.6,0
83,790,159,857.92542,26.2,0
66,153,162,831.98547,28.9,0
88,233,153,873.03162,28,0
82,790,161,857.08618,26.2,0
63,167,163,832.901,28.9,0
84,237,152,873.48938,28,0
83,789,161,856.47583,26.2,0
62,171,160,833.43506,28.9,0
83,246,154,873.87085,28,0
82,789,161,856.39954,26.2,0
63,159,163,833.28247,28.9,0
79,266,155,873.79456,28,0
82,786,158,856.47583,26.2,0
62,148,161,833.51135,28.9,0
78,253,155,874.32861,28,0
83,781,160,856.32324,26.2,0
62,154,163,833.74023,28.9,0
79,250,152,874.93896,28.5,0
83,773,161,856.17065,26.2,0
62,169,163,833.66394,28.9,0
76,233,153,874.93896,28.5,0
84,766,159,856.32324,26.2,0
58,181,162,833.66394,28.9,0
75,245,155,875.16785,28.5,0
82,761,162,856.09436,26.2,0
59,179,163,833.81653,28.9,0
72,227,153,875.39673,28.5,0
81,752,158,855.94177,26.2,0
59,188,163,833.43506,28.9,0
74,235,144,881.57654,28.9,0
81,321,160,855.33142,26.2,0
61,185,160,834.1217,28.9,0
71,238,150,881.80542,28.9,0
81,334,158,856.01807,25.8,0
64,168,163,833.96912,28.9,0
73,252,150,881.88171,28.9,0
80,337,159,855.78918,26.2,0
63,176,163,833.96912,28.9,0
73,241,150,882.0343,28.9,0
79,332,158,855.5603,26.2,0
65,172,161,833.81653,28.9,0
74,229,154,881.72913,28.9,0
79,323,161,855.40771,26.2,0
65,183,164,834.73206,28.9,0
75,216,152,882.41577,28.9,0
79,315,161,855.5603,26.2,0
61,195,163,834.65576,29.3,0
72,204,151,882.64465,29.3,0
78,296,158,855.33142,26.2,0
62,187,161,834.57947,29.3,0
73,196,154,882.79724,29.3,0
77,281,161,855.02625,26.2,0
59,213,160,835.11353,29.3,0
72,192,155,882.87354,29.3,0
71,258,161,854.79736,26.2,0
62,232,163,834.80835,28.9,0
71,198,151,883.78906,29.3,0
73,240,158,855.02625,26.6,0
63,237,161,835.495,28.9,0
70,213,151,883.86536,29.3,0
80,231,158,855.17883,26.7,0
67,237,161,835.26611,28.9,0
68,224,154,884.09424,29.3,0
73,229,161,855.25513,26.7,0
66,241,160,832.44324,28.9,0
68,230,151,884.39941,29.3,0
73,225,159,855.25513,26.7,0
68,248,162,823.13538,28.9,0
72,238,152,884.78088,29.4,0
67,216,161,855.25513,26.7,0
64,259,162,823.59314,28.9,0
71,247,155,884.85718,29.8,0
72,213,160,855.5603,27.1,0
67,264,161,823.21167,28.9,0
72,267,156,885.39124,29.8,0
76,221,159,855.78918,27.1,0
67,304,160,823.05908,28.9,0
69,279,152,886.00159,29.8,0
62,231,158,856.09436,27.1,0
65,356,162,823.21167,28.9,0
70,278,155,886.00159,29.8,0
63,243,159,856.17065,27.1,0
66,395,163,823.36426,28.9,0
68,274,153,885.92529,29.8,0
70,267,160,856.47583,27.1,0
69,451,163,823.59314,28.9,0
68,266,155,885.849,29.8,0
66,502,162,822.98279,28.9,0
68,534,161,823.44055,28.9,0
69,583,161,822.75391,28.9,0
68,631,164,822.67761,28.9,0
72,692,161,822.8302,28.9,0
70,752,162,821.68579,28.9,0
70,774,161,822.14355,28.5,0
70,786,163,822.44873,28.5,0
71,789,163,822.37244,28.5,0
72,789,161,821.76208,28,0
72,790,163,822.90649,28,0
71,718,162,822.67761,28,0
72,713,161,822.52502,28,0
77,791,161,823.05908,28.5,0
74,792,162,823.51685,28.5,0
74,791,162,823.66943,28.5,0
74,792,163,822.67761,28.5,0
72,791,161,823.36426,28.5,0
74,791,161,823.66943,28.5,0
72,791,162,823.21167,28.5,0
72,791,163,823.36426,28.5,0
72,791,161,823.28796,28.5,0
71,791,160,822.90649,28.5,0
73,791,162,822.98279,28.5,0
72,791,160,823.05908,28.5,0
72,791,162,823.36426,28,0
74,791,163,823.51685,28.1,0
74,791,161,823.36426,28.5,0
72,791,161,823.28796,28.5,0
74,791,163,823.21167,28.5,0
72,791,160,823.59314,28,0
74,791,160,823.44055,28.3,0
73,791,162,823.51685,28,0
73,791,163,823.66943,28,0
74,791,160,823.44055,28,0
73,791,161,823.51685,28,0
75,791,162,823.36426,28,0
74,791,161,823.82202,28,0
75,791,160,823.44055,28,0
76,791,163,823.44055,28,0
76,791,163,823.28796,28,0
76,791,160,823.82202,28,0
76,791,160,823.66943,28,0
76,791,161,824.0509,28,0
76,791,160,823.82202,28,0
76,791,160,823.74573,28,0
76,791,162,823.89832,28,0
76,791,162,824.35608,28,0
76,791,162,823.97461,28,0
76,791,161,823.89832,28,0
77,791,161,823.51685,28,0
77,791,161,823.89832,28,0
77,791,163,823.28796,28,0
78,791,162,823.82202,28,0
78,791,163,823.44055,28,0
76,791,162,824.20349,28,0
77,791,163,823.59314,28,0
77,791,162,823.74573,28,0
77,791,161,823.74573,28,0
77,791,161,824.1272,28,0
76,791,160,824.20349,28,0
78,791,162,824.1272,28,0
77,791,163,824.35608,28,0
77,791,162,823.97461,27.7,0
79,791,160,823.89832,27.7,0
77,791,163,823.82202,27.6,0
77,791,163,824.35608,27.6,0
77,791,160,824.0509,27.6,0
77,791,162,824.1272,27.6,0
77,791,162,823.97461,27.6,0
77,791,163,823.82202,27.6,0
77,791,163,823.74573,27.6,0
77,791,161,824.20349,27.6,0
77,791,160,824.1272,27.6,0
77,791,161,824.20349,27.6,0
77,791,160,823.74573,27.6,0
77,791,163,823.66943,27.6,0
77,791,162,823.74573,27.6,0
78,791,162,823.59314,27.6,0
77,791,160,823.36426,27.6,0
77,791,162,823.28796,27.6,0
77,791,160,823.36426,27.6,0
78,791,162,823.51685,27.6,0
77,791,162,823.28796,27.6,0
77,791,160,823.97461,27.6,0
77,791,162,823.51685,27.6,0
78,791,161,824.1272,27.6,0
77,791,160,823.97461,27.6,0
77,791,160,823.51685,27.6,0
77,791,162,823.74573,27.6,0
76,791,160,823.51685,27.6,0
77,791,161,824.1272,27.6,0
77,791,161,822.52502,27.6,0
77,791,162,823.21167,27.6,0
77,791,162,823.59314,27.6,0
77,791,162,823.51685,27.6,0
76,791,161,824.0509,27.6,0
76,791,161,823.89832,27.6,0
76,791,162,823.36426,27.2,0
76,791,160,823.51685,27.1,0
75,791,162,822.8302,27.1,0
75,791,160,823.21167,27.1,0
75,791,162,823.05908,27.1,0
74,791,160,822.98279,27.1,0
75,791,160,822.67761,27.1,0
76,791,162,823.21167,27.1,0
76,791,159,822.98279,27.1,0
75,791,160,822.75391,27.1,0
76,791,160,822.44873,27.1,0
76,791,160,822.60132,27.1,0
76,791,161,822.06726,27.1,0
77,791,162,822.52502,27.1,0
76,791,160,822.60132,27.1,0
75,791,162,822.52502,26.7,0
76,791,162,822.44873,27.1,0
76,791,160,821.99097,27.1,0
77,791,160,821.99097,27.1,0
77,791,160,822.14355,27.1,0
77,791,161,822.14355,26.7,0
77,790,160,822.67761,26.7,0
78,786,159,822.37244,26.7,0
77,443,159,822.37244,26.7,0
77,400,160,821.38062,26.2,0
77,352,161,821.99097,26.7,0
77,339,160,821.45691,26.7,0
77,297,161,821.83838,26.7,0
77,306,161,821.76208,26.7,0
77,315,160,821.30432,26.7,0
77,303,159,821.68579,26.7,0
77,301,159,820.99915,26.7,0
77,287,159,821.07544,26.7,0
77,240,160,820.3125,26.7,0
77,276,159,820.69397,26.7,0
77,296,161,820.3125,26.7,0
78,228,161,819.93103,26.7,0
77,226,159,820.61768,26.7,0
77,214,162,821.15173,27.1,0
78,208,159,820.99915,27.1,0
77,210,161,820.69397,27.1,0
76,218,160,820.46509,27.1,0
75,213,159,820.99915,27.1,0
75,205,159,821.15173,27.1,0
74,202,156,820.84656,27.6,0
78,194,163,821.30432,27.6,0
74,195,167,821.99097,27.6,0
74,184,166,822.29614,27.6,0
74,175,168,822.52502,27.6,0
76,175,168,822.67761,28,0
72,154,170,823.05908,28,0
74,171,169,822.90649,28,0
75,182,170,823.97461,28.5,0
73,169,170,823.89832,28.5,0
76,161,169,824.35608,28.5,0
75,157,168,825.27161,28.5,0
73,165,168,825.95825,28.9,0
74,159,170,826.18713,28.9,0
73,159,169,826.41602,28.9,0
72,153,168,827.17896,28.9,0
75,179,170,827.48413,28.9,0
73,195,169,827.71301,28.9,0
73,193,171,828.24707,28.9,0
74,192,171,828.47595,28.9,0
73,172,170,829.1626,28.9,0
73,194,170,829.69666,28.9,0
72,319,170,830.07812,28.9,0
75,154,170,830.15442,28.9,0
74,171,171,830.84106,29,0
73,167,169,831.37512,29.2,0
72,164,169,831.45142,29.3,0
71,143,171,831.37512,29.7,0
72,140,169,832.13806,29.3,0
73,138,170,832.59583,29.3,0
72,131,169,832.901,29.3,0
73,141,170,833.05359,29.3,0
74,158,170,833.35876,29.3,0
76,177,168,833.51135,29.3,0
72,179,170,834.04541,28.9,0
73,192,168,834.198,28.9,0
72,396,171,833.35876,28.9,0
72,235,169,834.65576,28.9,0
72,218,171,834.50317,28.9,0
72,233,168,834.57947,28.9,0
72,224,170,834.50317,28.5,0
72,424,170,834.198,28.5,0
72,485,170,834.27429,28,0
72,497,169,834.1217,28,0
74,545,168,833.96912,27.6,0
74,594,168,833.35876,27.6,0
75,612,168,832.67212,27.6,0
74,679,169,831.90918,27.6,0
73,658,170,832.13806,27.1,0
73,717,169,831.604,27.1,0
73,768,170,830.76477,26.8,0
73,788,170,830.07812,27.1,0
76,791,160,830.07812,27.1,0
77,791,166,829.62036,27.1,0
77,791,167,829.77295,27.1,0
77,790,169,833.81653,27.1,0
77,790,169,832.82471,26.7,0
78,790,168,832.67212,26.7,0
77,790,169,832.67212,26.7,0
79,790,169,832.36694,26.7,0
78,790,169,832.29065,26.7,0
79,789,168,832.06177,26.7,0
78,789,169,831.98547,26.7,0
80,789,170,831.75659,26.7,0
78,789,169,832.44324,26.7,0
78,789,169,831.83289,26.7,0
79,789,168,831.604,26.7,0
78,789,168,831.90918,26.7,0
78,789,170,831.75659,26.7,0
78,789,168,831.45142,26.7,0
79,789,168,831.52771,26.7,0
79,789,168,831.45142,26.7,0
79,789,170,831.06995,26.2,0
80,789,170,830.91736,26.2,0
80,789,170,831.14624,26.2,0
80,789,168,830.53589,26.2,0
80,789,170,831.37512,26.2,0
78,789,168,831.29883,26.2,0
77,789,170,830.91736,25.8,0
77,789,171,830.45959,25.8,0
77,789,168,830.00183,26.2,0
77,789,171,829.46777,26.2,0
77,789,169,829.84924,26.2,0
78,789,168,829.77295,26.2,0
77,789,169,829.23889,26.2,0
78,789,171,828.93372,26.2,0
78,789,169,829.1626,26.2,0
78,789,168,830.07812,26.2,0
79,789,168,829.62036,26.2,0
79,789,169,829.39148,26.2,0
79,789,171,829.69666,26.2,0
80,789,172,829.39148,26.2,0
79,789,171,829.1626,26.2,0
80,789,169,829.31519,25.8,0
80,789,171,829.62036,26.2,0
80,788,169,828.70483,26.2,0
80,788,171,829.01001,26.2,0
81,788,172,829.46777,26.2,0
81,788,169,829.92554,25.8,0
81,788,168,829.84924,25.8,0
81,788,171,829.31519,25.8,0
81,788,169,829.31519,25.8,0
80,788,168,829.31519,25.8,0
81,788,171,829.39148,25.8,0
81,788,169,829.01001,25.8,0
80,788,170,829.23889,25.8,0
81,788,170,830.07812,25.8,0
80,788,171,829.92554,25.8,0
81,788,171,830.07812,25.8,0
80,788,169,829.46777,25.8,0
81,788,169,829.46777,25.8,0
80,788,168,829.39148,25.8,0
80,788,170,829.23889,25.8,0
80,788,171,829.77295,25.8,0
80,788,171,830.61218,25.8,0
79,788,168,830.84106,25.8,0
78,788,169,830.61218,25.3,0
77,787,169,830.23071,25.3,0
78,786,168,829.46777,25.8,0
77,623,168,829.31519,25.8,0
76,550,171,827.56042,25.8,0
73,460,169,828.39966,25.3,0
72,430,171,828.17078,25.3,0
73,380,171,827.40784,25.3,0
72,372,170,827.33154,25.3,0
73,353,171,826.5686,25.3,0
72,351,169,826.03455,25.8,0
73,332,168,826.33972,25.8,0
73,311,171,826.33972,25.8,0
72,289,170,825.88196,25.8,0
73,291,171,825.3479,25.8,0
73,296,168,825.19531,25.8,0
73,296,169,825.80566,26.2,0
73,287,168,825.65308,26.2,0
74,250,171,825.57678,26.2,0
75,220,171,826.03455,26.7,0
76,213,168,826.49231,26.7,0
77,197,169,829.23889,26.7,0
75,200,169,829.54407,26.7,0
75,195,168,829.39148,27.1,0
76,191,169,830.15442,27.1,0
75,180,168,830.30701,27.1,0
77,197,169,830.45959,27.1,0
77,214,151,832.44324,27.1,0
74,196,155,832.59583,27.1,0
76,197,154,832.97729,27.1,0
74,191,156,833.20618,27.1,0
75,187,155,833.81653,27.6,0
74,161,158,833.51135,27.6,0
75,184,155,834.42688,27.6,0
75,179,158,834.80835,27.6,0
74,181,158,835.4187,27.6,0
74,170,156,835.80017,27.6,0
74,175,155,836.10535,27.6,0
72,160,156,836.48682,28,0
72,138,158,837.24976,28,0
72,146,161,837.09717,28,0
70,193,158,837.9364,28.5,0
72,186,159,838.0127,28.5,0
72,228,159,838.39417,28.4,0
73,209,158,839.1571,28,0
75,184,160,839.53857,28.5,0
75,177,161,840.37781,28.5,0
74,155,160,840.75928,28.5,0
72,148,161,840.83557,28.5,0
71,138,159,841.36963,28.5,0
70,154,159,841.59851,28.9,0
70,173,161,842.43774,28.9,0
70,138,159,842.74292,28.9,0
72,133,162,843.81104,28.9,0
72,171,162,844.65027,28.9,0
73,149,159,845.79468,28.9,0
72,133,161,846.32874,28.9,0
74,147,161,846.71021,28.9,0
72,176,160,847.24426,28.9,0
69,139,162,847.54944,28.9,0
69,125,160,848.69385,28.9,0
70,130,162,848.84644,28.9,0
70,140,161,848.54126,28.9,0
69,141,159,848.99902,28.9,0
68,142,162,848.61755,28.9,0
72,156,162,849.22791,28.9,0
69,199,160,849.91455,28.9,0
69,231,160,849.83826,28.9,0
71,278,159,849.53308,28.9,0
71,282,161,851.05896,28.9,0
70,258,160,850.29602,28.5,0
70,268,160,850.37231,28.5,0
70,307,159,851.28784,28.5,0
68,415,161,851.13525,28.5,0
70,558,162,851.8219,28.5,0
66,702,160,851.89819,28.5,0
66,768,162,851.36414,28.5,0
67,788,161,851.66931,28,0
68,789,163,850.75378,28,0
68,788,163,850.6012,28,0
68,788,162,850.44861,28,0
68,788,163,850.67749,28,0
70,788,162,850.37231,28,0
70,788,163,849.22791,28,0
70,788,163,849.68567,28,0
71,788,163,849.91455,27.6,0
72,788,163,849.45679,27.6,0
72,788,162,849.3042,27.6,0
71,788,162,849.15161,27.6,0
72,788,161,849.07532,27.6,0
73,788,163,849.3042,27.6,0
73,788,161,848.84644,27.6,0
73,788,162,848.92273,27.6,0
73,790,163,848.46497,27.6,0
73,790,149,848.77014,27.1,0
76,789,158,848.46497,27.1,0
77,789,158,848.77014,27.1,0
77,789,163,848.92273,27.1,0
76,789,161,848.61755,27.1,0
77,789,160,849.91455,27.1,0
77,789,163,849.45679,27.3,0
77,789,162,849.38049,27.1,0
78,789,163,850.75378,27.1,0
78,789,161,850.5249,27.1,0
78,789,164,849.99084,27.1,0
78,789,163,850.21973,27.1,0
79,789,162,849.91455,27.1,0
78,789,162,849.53308,27.1,0
79,789,162,849.99084,27.1,0
79,789,162,849.68567,27.1,0
78,789,162,850.29602,27.1,0
79,789,164,850.14343,27.1,0
79,789,164,850.75378,27.1,0
78,789,164,850.83008,27.1,0
78,789,162,850.67749,27.1,0
77,789,165,849.38049,27.1,0
78,789,161,850.14343,27.1,0
78,789,162,850.14343,27.1,0
79,789,162,850.14343,27.1,0
78,789,163,849.68567,26.7,0
78,789,162,850.6012,26.7,0
78,789,162,849.83826,26.7,0
79,789,164,849.99084,26.7,0
79,789,163,849.53308,26.7,0
78,789,162,849.83826,26.7,0
78,789,165,849.68567,26.7,0
78,789,164,850.37231,26.7,0
77,789,163,850.5249,26.7,0
78,789,162,849.91455,26.7,0
78,789,162,849.60938,26.7,0
78,789,162,849.22791,26.2,0
78,789,162,849.76196,26.7,0
77,789,165,849.83826,26.4,0
78,789,162,849.83826,26.7,0
78,789,163,850.37231,26.7,0
78,789,162,849.91455,26.7,0
78,789,165,849.76196,26.7,0
78,789,164,850.06714,26.7,0
79,789,162,849.83826,26.7,0
78,789,163,849.3042,26.7,0
80,789,163,849.60938,26.7,0
79,789,163,849.53308,26.7,0
79,789,166,849.3042,26.7,0
79,788,165,849.83826,26.7,0
80,786,162,849.83826,26.7,0
80,779,162,849.99084,26.7,0
79,775,162,849.83826,26.7,0
78,430,164,849.60938,26.7,0
78,497,165,849.07532,26.7,0
78,500,165,848.77014,26.7,0
78,487,163,850.06714,26.7,0
78,445,164,849.91455,26.7,0
77,393,165,849.91455,26.7,0
78,376,162,850.06714,26.7,0
78,357,164,849.76196,26.7,0
78,344,165,850.21973,26.7,0
77,338,164,849.45679,26.7,0
77,331,163,850.44861,27.1,0
77,323,162,850.67749,27.1,0
77,300,163,849.99084,27.1,0
80,298,165,850.06714,27.1,0
77,300,165,850.5249,27.6,0
75,368,165,850.75378,27.6,0
75,320,164,850.98267,27.6,0
74,270,164,851.13525,27.6,0
75,222,162,851.44043,27.6,0
76,234,164,851.44043,28,0
73,259,166,852.05078,28,0
75,244,164,852.66113,28,0
74,246,146,852.81372,28,0
75,243,153,853.19519,28,0
74,237,158,853.27148,28,0
73,216,158,854.03442,28.5,0
72,217,156,854.49219,28.5,0
72,203,159,854.72107,28.5,0
73,197,159,855.10254,28.5,0
73,190,159,855.40771,28.5,0
72,252,157,855.78918,28.5,0
72,228,156,856.62842,28.9,0
73,218,160,856.39954,28.9,0
71,192,159,856.17065,28.9,0
72,200,156,857.39136,28.9,0
72,183,158,857.84912,28.9,0
71,165,159,857.92542,28.9,0
72,165,160,858.30688,29.3,0
72,167,159,858.45947,29.3,0
72,173,157,858.84094,29.3,0
72,167,159,859.06982,29.3,0
72,160,160,859.375,29.3,0
73,164,159,859.60388,29.3,0
72,233,160,859.83276,29.3,0
72,168,158,860.29053,29.3,0
72,185,160,860.97717,29.3,0
72,196,159,860.74829,29.3,0
72,225,157,861.28235,29.3,0
74,245,160,861.81641,29.3,0
75,320,159,861.96899,29.3,0
75,358,160,858.3639,28.8,0
61,266,402,852.89001,30.2,0
60,235,401,852.89001,30.2,0
61,234,402,853.34778,30.2,0
60,276,401,852.35596,30.2,0
60,315,402,853.1189,30.2,0
62,324,401,853.27148,30.2,0
64,263,413,853.42407,29.8,0
65,193,412,853.42407,30.2,0
64,162,412,853.65295,30.2,0
65,168,413,853.57666,30.2,0
65,163,413,853.72925,30.8,0
63,210,412,854.26331,30.8,0
63,273,412,854.18701,30.2,0
63,352,409,854.18701,30.2,0
63,335,410,854.26331,30.2,0
63,342,410,854.18701,30.2,0
63,344,410,854.26331,30.2,0
63,302,409,854.18701,29.8,0
62,254,410,854.03442,29.8,0
62,240,410,854.3396,30.1,0
62,246,410,854.49219,29.8,0
63,270,411,854.41589,29.8,0
61,277,410,854.64478,29.8,0
62,271,410,854.87366,30.1,0
65,259,412,854.79736,29.8,0
63,258,412,854.64478,29.8,0
63,247,412,855.02625,30.2,0
65,279,412,855.17883,29.8,0
69,332,412,855.10254,29.8,0
67,321,412,855.25513,29.8,0
69,351,412,855.86548,29.8,0
68,354,412,855.86548,29.8,0
70,389,412,855.78918,29.8,0
68,412,412,856.17065,29.8,0
68,431,412,856.24695,29.8,0
70,454,413,857.46765,29.8,0
68,473,413,857.31506,29.8,0
68,487,413,857.39136,29.8,0
68,496,413,856.93359,29.8,0
70,539,413,857.39136,29.8,0
68,598,413,857.92542,29.8,0
70,593,413,858.078,29.8,0
66,577,413,857.84912,29.8,0
69,578,413,858.1543,29.8,0
69,592,413,858.078,29.8,0
68,627,413,858.38318,29.3,0
68,630,413,858.23059,29.3,0
71,631,413,858.078,29.3,0
70,679,413,858.53577,29.3,0
68,671,413,858.76465,29.3,0
70,667,413,858.76465,29.3,0
68,622,413,858.45947,29.3,0
70,705,413,858.53577,29.3,0
71,739,413,858.68835,29.3,0
71,757,413,858.99353,29.3,0
70,763,413,858.99353,29.3,0
70,773,413,858.99353,29.3,0
69,776,414,858.68835,29.3,0
69,776,414,859.14612,29.3,0
72,777,413,859.375,29.3,0
71,777,413,858.91724,29.3,0
71,777,414,858.84094,29.3,0
72,776,413,858.99353,29.2,0
73,777,414,859.29871,29,0
72,776,413,859.06982,28.9,0
72,776,414,859.375,28.9,0
73,776,413,859.90906,28.9,0
72,776,413,859.75647,28.9,0
74,776,413,859.60388,28.9,0
74,776,413,859.75647,28.9,0
72,776,413,859.75647,28.9,0
74,776,414,859.60388,28.9,0
73,776,413,859.75647,28.9,0
74,776,414,859.22241,28.9,0
72,776,414,859.375,28.9,0
75,776,414,859.75647,28.9,0
72,776,413,859.29871,28.5,0
76,634,437,867.15698,29.8,0
72,774,413,858.61206,28.5,0
77,661,438,867.69104,29.6,0
74,775,413,858.078,28.5,0
75,775,413,858.91724,28.5,0
75,775,413,859.22241,28.5,0
75,776,413,859.14612,28.5,0
74,776,413,858.91724,28.5,0
73,776,413,859.22241,28.5,0
76,776,413,858.99353,28.5,0
77,776,414,858.91724,28.5,0
77,776,413,858.76465,28.5,0
76,776,414,858.84094,28.5,0
76,776,414,858.53577,28.5,0
78,776,413,858.99353,28.5,0
76,775,414,858.1543,28.5,0
78,776,413,858.76465,28.5,0
76,779,413,858.61206,28.5,0
76,779,413,858.76465,28.5,0
75,779,414,858.61206,28.5,0
77,779,414,858.23059,28.5,0
74,779,414,858.38318,28.5,0
77,779,414,858.38318,28.5,0
76,779,413,858.61206,28.5,0
74,779,414,858.38318,28.5,0
76,779,414,858.23059,28.5,0
77,779,414,858.53577,28.5,0
77,779,413,858.84094,28.1,0
78,779,414,858.61206,28,0
76,779,414,858.68835,28,0
78,779,414,858.53577,28,0
78,779,414,858.30688,28,0
78,779,414,858.61206,28,0
76,779,414,858.45947,28,0
79,779,414,858.30688,28,0
79,779,414,858.45947,28,0
79,779,414,858.38318,28,0
76,779,414,858.45947,28,0
79,779,414,858.30688,28,0
79,779,414,858.23059,28,0
77,779,414,858.38318,28,0
77,779,415,858.078,28,0
77,779,414,858.1543,28,0
79,779,414,858.23059,28,0
79,779,415,857.92542,28,0
79,779,414,858.00171,28,0
79,779,414,857.92542,28,0
79,779,414,857.92542,28,0
78,779,415,857.92542,28,0
79,779,414,857.84912,28,0
79,779,414,858.078,28,0
79,779,415,857.62024,27.9,0
76,779,414,856.8573,28,0
78,779,415,857.92542,28,0
79,779,415,857.46765,28,0
81,779,414,857.69653,27.7,0
80,779,414,857.54395,27.6,0
79,779,414,857.77283,27.6,0
79,779,415,857.16248,27.6,0
79,779,414,857.23877,27.6,0
81,779,414,857.31506,27.6,0
81,779,415,857.31506,27.6,0
81,779,415,857.31506,27.6,0
80,779,415,857.46765,27.6,0
79,779,415,856.78101,27.6,0
80,779,415,856.93359,27.6,0
79,779,415,857.00989,27.6,0
80,779,415,856.70471,27.6,0
81,779,415,856.62842,27.6,0
81,779,415,856.62842,27.6,0
81,779,415,856.55212,27.6,0
80,779,415,856.39954,27.6,0
80,779,415,856.70471,27.6,0
80,779,415,856.39954,27.6,0
81,779,415,855.86548,27.6,0
80,779,415,856.01807,27.6,0
80,779,415,855.86548,27.6,0
80,779,415,855.94177,27.6,0
80,779,415,856.17065,27.6,0
79,779,415,855.71289,27.6,0
81,779,416,855.6366,27.6,0
81,779,415,855.86548,27.6,0
81,779,415,855.94177,27.6,0
80,779,415,855.78918,27.2,0
79,779,415,855.78918,27.1,0
80,779,415,855.71289,27.1,0
79,779,415,855.5603,27.1,0
80,779,415,855.40771,27.1,0
79,779,416,855.5603,27.1,0
81,779,415,855.5603,27.1,0
81,779,415,855.48401,27.1,0
81,779,415,855.02625,27.1,0
81,779,416,855.17883,27.1,0
81,779,415,854.87366,27.1,0
81,779,415,855.10254,27.1,0
80,779,415,854.94995,27.1,0
80,779,415,854.49219,27.1,0
80,779,416,854.72107,27.1,0
81,779,415,854.94995,27.1,0
81,779,416,854.94995,27.1,0
81,779,416,854.64478,27.1,0
81,779,416,854.49219,27.1,0
81,779,415,854.3396,27.1,0
81,779,415,854.3396,27.1,0
81,779,416,853.88184,27.1,0
81,779,415,854.3396,27.1,0
79,779,415,854.18701,27.1,0
81,779,415,854.3396,26.7,0
81,779,415,853.57666,26.7,0
81,779,416,853.65295,26.7,0
81,672,416,853.50037,26.7,0
81,778,416,853.42407,26.7,0
80,778,416,853.0426,27.1,0
81,778,415,853.57666,27.1,0
80,778,416,853.65295,27.1,0
78,776,415,853.57666,26.7,0
81,773,415,852.73743,25.8,0
82,687,415,852.50854,25.3,0
81,655,415,852.89001,25.8,0
82,623,415,852.43225,26.7,0
83,582,415,852.66113,26.7,0
81,543,416,852.66113,26.7,0
82,514,416,852.89001,26.7,0
85,475,416,852.05078,26.7,0
85,461,416,852.27966,26.7,0
83,443,415,851.21155,26.7,0
85,431,414,851.8219,26.7,0
81,409,415,851.8219,26.7,0
84,398,415,851.44043,26.8,0
82,389,415,851.66931,26.7,0
83,374,415,851.13525,27.1,0
81,382,415,851.44043,27.1,0
78,363,415,851.51672,27.1,0
81,361,415,851.21155,27.1,0
81,369,415,851.28784,27.1,0
81,349,415,851.44043,27.1,0
81,395,415,851.44043,27.1,0
80,363,415,851.44043,27.1,0
84,366,415,851.36414,27.1,0
81,368,414,851.51672,26.7,0
81,367,415,851.51672,27.1,0
83,341,415,851.44043,27.1,0
80,326,414,851.8219,27.1,0
79,328,415,851.59302,27.1,0
81,312,415,851.66931,27.1,0
81,313,415,851.74561,27.2,0
80,299,415,851.51672,27.6,0
81,286,415,851.74561,27.6,0
80,279,415,851.74561,27.6,0
81,277,415,852.20337,27.6,0
80,316,414,852.43225,27.6,0
80,309,415,852.12708,27.6,0
79,318,414,852.27966,27.6,0
79,321,415,851.13525,27.6,0
77,326,424,852.43225,28,0
76,314,425,853.19519,28,0
74,456,463,854.11072,29.3,1
72,356,430,853.1189,29.3,0
73,451,413,854.3396,29.3,0
72,318,408,853.95813,28.9,0
74,311,408,854.3396,28.5,0
74,296,408,854.18701,28.5,0
74,304,408,854.03442,28,0
74,277,408,854.64478,28,0
74,278,408,854.87366,28,0
74,274,408,854.72107,28,0
73,283,408,854.64478,28.5,0
73,280,408,855.10254,28.5,0
72,278,408,855.25513,28.5,0
72,283,408,855.48401,28.5,0
72,276,408,855.40771,28.5,0
72,273,409,855.6366,28.5,0
71,263,408,855.6366,28.5,0
71,251,409,855.78918,28.9,0
71,252,409,855.94177,28.9,0
71,251,408,856.24695,28.9,0
71,242,409,856.17065,28.9,0
69,242,409,856.39954,28.9,0
69,257,409,856.17065,28.9,0
69,236,409,856.8573,29,0
69,232,409,856.8573,29.3,0
69,226,410,856.8573,29.3,0
69,220,409,857.08618,29.3,0
69,219,409,857.46765,29.3,0
68,223,409,857.62024,29.3,0
68,231,409,857.84912,29.3,0
68,234,410,858.00171,29.4,0
67,259,409,858.00171,29.7,0
68,244,409,857.92542,29.8,0
67,256,409,858.1543,29.8,0
68,292,410,858.1543,29.8,0
68,321,409,858.91724,29.8,0
67,333,410,858.84094,29.8,0
67,310,410,858.76465,29.8,0
68,329,410,858.99353,29.8,0
70,306,410,859.375,29.8,0
70,282,410,859.14612,29.8,0
71,259,410,859.29871,29.4,0
71,238,409,859.45129,29.4,0
71,243,410,859.90906,29.4,0
71,246,410,859.90906,29.7,0
71,243,410,860.21423,29.8,0
71,218,410,860.13794,29.8,0
71,211,409,860.44312,29.8,0
71,215,410,860.672,29.8,0
71,203,410,860.5957,29.8,0
72,200,410,860.82458,29.8,0
71,193,410,861.05347,29.8,0
71,200,410,861.43494,29.8,0
72,205,410,861.35864,29.8,0
72,220,410,861.43494,29.8,0
72,227,410,861.96899,29.8,0
72,230,410,862.04529,29.8,0
72,223,410,862.35046,29.8,0
72,198,410,862.19788,29.8,0
72,188,410,861.43494,29.8,0
72,176,410,862.42676,29.8,0
72,165,410,862.65564,29.8,0
72,160,410,862.50305,29.8,0
71,172,410,862.88452,30.2,0
71,167,410,862.88452,30.2,0
71,180,410,863.34229,30.2,0
71,172,410,863.49487,30.2,0
72,187,410,863.49487,30.2,0
71,195,410,863.64746,30.2,0
71,181,410,863.87634,30.2,0
71,174,411,863.87634,30.2,0
71,165,410,864.10522,30.2,0
70,162,410,864.02893,30.2,0
71,157,481,864.18152,30.8,1
71,170,475,864.10522,30.8,1
73,201,472,864.4104,30.8,1
71,199,469,864.63928,30.8,1
71,198,469,864.63928,30.8,1
70,200,462,865.02075,30.8,1
71,253,452,865.24963,30.8,0
71,264,447,865.55481,30.8,0
74,308,445,865.17334,30.2,0
71,363,443,865.55481,30.2,0
72,380,442,865.7074,30.2,0
72,357,440,865.85999,30.2,0
72,342,439,865.85999,30.2,0
72,384,439,865.7074,30.2,0
75,489,440,866.69922,29.8,0
76,536,440,867.00439,29.9,0
76,598,440,867.08069,29.8,0
76,544,439,866.85181,29.8,0
75,548,439,867.30957,29.8,0
76,567,439,866.31775,29.8,0
76,629,439,867.84363,29.8,0
76,619,438,867.99622,29.8,0
76,642,438,867.91992,29.8,0
81,266,436,861.43494,28.5,0
76,716,437,867.76733,29.8,0
76,735,438,867.91992,29.8,0
77,744,439,867.91992,29.8,0
77,752,439,868.1488,29.4,0
78,766,438,868.30139,29.3,0
78,768,439,868.30139,29.3,0
80,768,438,868.1488,29.3,0
78,770,438,867.99622,29.3,0
80,771,439,867.91992,29.3,0
80,769,438,868.1488,29.3,0
79,770,438,868.60657,29.3,0
80,770,438,868.37769,29.3,0
80,770,438,868.2251,29.3,0
80,772,438,848.31238,29.3,0
81,772,438,867.99622,29.3,0
80,772,438,868.37769,28.9,0
81,772,438,868.07251,28.9,0
81,772,438,868.1488,28.9,0
83,772,438,867.84363,28.9,0
83,772,438,868.30139,28.9,0
83,771,437,868.1488,28.9,0
84,771,438,868.37769,28.9,0
84,771,438,867.84363,28.9,0
83,771,437,867.84363,28.9,0
84,771,438,867.99622,28.9,0
81,771,438,867.99622,28.5,0
84,771,438,867.23328,28.5,0
84,771,438,867.61475,28.5,0
84,771,438,867.53845,28.5,0
82,771,438,867.38586,28.5,0
84,771,438,867.08069,28.5,0
84,771,438,867.46216,28.5,0
84,771,438,867.53845,28.5,0
84,771,438,867.08069,28.5,0
82,771,438,867.08069,28.5,0
84,771,438,867.23328,28.5,0
85,771,438,866.9281,28.5,0
83,771,438,866.77551,28.5,0
82,771,438,867.15698,28.5,0
85,771,438,866.31775,28.5,0
83,771,438,866.77551,28.3,0
84,771,438,866.54663,28.5,0
82,771,439,866.69922,28.5,0
84,771,438,866.69922,28.5,0
84,771,438,866.31775,28.5,0
83,771,439,866.24146,28.5,0
83,771,439,866.24146,28.5,0
84,771,438,866.31775,28.5,0
84,771,439,866.31775,28.1,0
84,771,438,866.39404,28,0
84,771,439,866.31775,28,0
85,771,439,865.85999,28,0
84,771,439,866.24146,28,0
85,771,439,865.93628,28,0
84,771,439,866.08887,28,0
85,771,439,866.16516,28,0
87,771,439,865.93628,28,0
83,772,438,865.93628,28,0
84,771,438,865.7074,28.5,0
84,771,438,865.78369,28.1,0
85,771,439,865.78369,28.2,0
85,771,438,865.6311,28.3,0
84,771,438,865.55481,28.5,0
84,771,439,865.55481,28.5,0
82,770,438,865.02075,28.5,0
84,771,438,865.24963,28.5,0
84,771,438,865.17334,28.5,0
84,771,438,865.32593,28.5,0
84,771,438,865.40222,28.5,0
84,771,439,865.32593,28,0
85,771,438,865.09705,28,0
85,771,439,865.24963,28,0
84,771,438,864.86816,28,0
85,771,438,865.09705,28,0
85,771,439,865.02075,28,0
84,771,439,865.09705,28,0
85,771,438,864.63928,28,0
86,771,438,864.86816,28,0
87,771,439,864.56299,28,0
84,771,439,864.71558,28,0
85,771,438,864.79187,28,0
86,771,438,864.94446,28,0
85,771,439,864.63928,28,0
84,771,439,864.71558,28,0
88,771,438,864.94446,28,0
85,771,438,864.33411,28,0
84,771,438,864.4104,28,0
87,771,438,864.56299,28,0
85,771,437,864.56299,28,0
85,771,437,864.56299,28,0
85,770,436,864.10522,28,0
85,770,437,864.71558,28,0
85,771,437,864.56299,28,0
87,771,437,864.4104,28,0
86,771,438,864.4104,28,0
85,771,437,864.48669,28,0
85,771,438,864.10522,28,0
85,771,438,864.25781,28,0
84,771,437,864.48669,28,0
84,771,437,864.33411,28,0
85,771,437,864.25781,28,0
85,771,437,864.4104,28,0
85,771,437,863.72375,28,0
84,771,437,863.87634,28,0
85,771,437,863.95264,28,0
85,771,437,863.87634,28,0
86,771,437,864.33411,27.6,0
87,771,436,864.10522,27.6,0
88,771,437,863.95264,27.7,0
86,771,436,863.34229,27.6,0
88,771,436,863.57117,27.6,0
88,771,437,863.49487,27.6,0
86,771,437,863.64746,27.6,0
85,771,437,863.72375,27.6,0
86,771,437,863.64746,27.6,0
86,771,437,863.49487,27.6,0
86,771,436,863.57117,27.6,0
86,771,436,863.49487,27.6,0
86,771,436,863.57117,27.6,0
85,771,436,863.57117,27.6,0
85,771,437,863.57117,27.6,0
85,771,436,863.49487,27.6,0
87,771,436,863.72375,27.6,0
86,771,436,863.64746,27.6,0
86,771,436,863.57117,27.6,0
86,771,436,863.03711,27.6,0
87,771,436,863.26599,27.6,0
86,771,436,863.34229,27.6,0
87,771,436,863.34229,27.6,0
88,771,436,863.34229,27.6,0
88,771,436,862.57935,27.6,0
88,771,436,863.26599,27.6,0
87,771,436,863.34229,27.6,0
88,771,436,863.34229,27.6,0
87,770,436,862.88452,27.6,0
86,771,436,863.03711,27.6,0
86,771,436,862.88452,27.6,0
89,771,436,862.80823,27.6,0
87,771,436,862.88452,27.6,0
86,771,436,862.96082,27.6,0
87,771,436,862.88452,27.6,0
89,771,437,862.96082,27.6,0
88,771,436,862.73193,27.6,0
87,771,436,862.80823,27.6,0
88,771,436,862.57935,27.6,0
88,771,436,862.57935,27.6,0
87,771,437,862.35046,27.6,0
88,771,436,862.42676,27.6,0
89,771,436,862.57935,27.6,0
89,770,436,862.57935,27.6,0
88,770,436,862.42676,27.6,0
88,728,435,861.8927,26.7,0
90,715,436,861.51123,26.7,0
90,704,435,861.96899,27.1,0
90,708,436,861.96899,27.1,0
89,706,436,862.12158,27.1,0
88,706,436,861.74011,27.1,0
89,688,436,861.81641,27.6,0
88,679,436,861.43494,27.1,0
89,660,436,861.28235,27.1,0
90,620,436,861.51123,27.1,0
88,602,436,861.20605,27.1,0
89,563,436,861.66382,27.1,0
86,468,436,861.35864,27.1,0
86,489,436,861.12976,27.1,0
88,491,436,861.74011,27.1,0
86,416,434,860.74829,27.1,0
89,380,435,860.74829,27.4,0
88,373,435,860.36682,27.5,0
89,405,434,860.44312,27.6,0
88,404,435,860.44312,27.2,0
88,404,435,860.672,27.6,0
87,339,435,860.672,27.6,0
86,374,435,860.74829,27.6,0
87,376,436,860.74829,27.6,0
87,407,436,860.672,27.6,0
87,361,436,860.29053,27.6,0
86,337,436,860.5957,27.6,0
87,328,436,860.74829,27.6,0
87,378,436,860.672,27.6,0
88,310,436,860.5957,27.6,0
86,293,436,860.44312,27.6,0
85,321,436,860.97717,27.6,0
86,316,436,860.90088,27.6,0
87,315,436,860.90088,27.6,0
85,312,436,861.05347,28,0
85,361,436,860.97717,28,0
86,324,436,861.20605,28,0
86,321,436,860.97717,28,0
84,324,436,860.36682,28,0
84,325,435,861.28235,28,0
84,296,436,861.58752,28,0
84,336,436,861.35864,27.6,0
85,283,436,861.05347,27.6,0
83,279,436,861.35864,28,0
84,274,435,861.20605,28,0
84,278,435,861.66382,28.1,0
83,290,436,861.96899,28.5,0
84,291,436,861.74011,28.5,0
80,285,436,861.96899,28.5,0
82,280,436,861.74011,28.5,0
84,274,436,861.96899,28.5,0
58,563,530,840.11181,27,1
56,430,498,831.50171,28,1
62,279,546,850.3506,30,1
66,266,538,861.10204,27,1
62,154,561,853.73248,26,1
74,569,528,858.38567,30,1
59,571,520,860.6729,28,1
63,369,500,848.63266,31,1
77,627,562,828.65004,27,1
75,790,534,845.27592,30,1
78,628,559,833.98789,28,1
85,551,490,858.03088,28,0
75,633,509,837.97849,30,0
64,458,549,853.82964,31,1
73,294,525,837.10955,27,1
78,375,549,830.1889,27,1
78,155,545,858.34912,30,1
63,249,523,847.31839,31,1
65,393,496,832.16801,26,1
68,248,486,839.84546,30,1
72,771,530,840.99523,28,0
59,298,512,828.01614,32,1
75,757,502,830.96647,29,0
66,527,558,843.6807,29,1
82,131,512,856.75783,29,0
64,619,564,841.80263,31,1
75,269,536,848.44055,29,1
86,630,576,844.8769,28,1
75,666,506,845.81872,26,0
73,276,518,831.41027,30,1
81,698,491,826.83373,28,0
79,737,573,858.56183,26,1
82,164,487,853.54688,27,0
77,605,532,836.69097,26,0
64,330,557,830.84384,29,1
77,423,529,850.29613,26,1
78,771,522,845.25283,25,0
60,429,505,855.82798,27,1
70,581,549,842.86703,26,1
85,207,557,826.19675,30,1
80,640,521,851.86251,25,0
72,641,580,855.78221,26,1
56,300,515,851.13362,30,1
80,426,486,844.14543,28,0
66,765,560,840.87923,29,1
74,614,539,863.50578,31,1
69,503,499,829.34917,31,1
67,541,543,863.81599,27,1
76,212,496,848.68009,26,0
69,664,499,862.33661,28,1
72,748,561,836.85208,29,1
56,691,518,853.81215,29,1
79,146,522,844.42410,27,1
75,190,510,829.54089,29,1
78,139,510,850.31559,29,1
59,706,493,857.07135,26,1
85,307,543,857.44325,27,1
74,214,526,864.81674,28,1
67,223,496,857.51373,29,1
64,463,549,842.95705,28,1
57,407,486,852.50415,28,1
56,150,561,855.49498,30,1
76,761,527,847.25940,29,1
86,478,495,832.90270,28,0
74,769,537,855.73349,29,1
68,626,535,863.32658,31,1
72,529,548,840.69731,28,1
79,276,540,844.21259,27,1
70,752,492,830.35817,27,0
74,470,539,840.14549,29,1
82,331,563,829.22147,31,1
72,279,534,848.34886,29,1
70,705,514,827.39084,27,0
60,714,580,845.36567,27,1
77,312,578,829.90718,28,1
68,393,561,831.32732,26,1
75,379,550,860.27792,30,1
73,713,532,835.87436,25,0
70,164,484,842.70021,30,1
63,411,517,863.39763,30,1
64,404,562,841.48903,28,1
84,713,505,846.19710,28,0
61,530,487,860.93218,31,1
81,378,546,852.34398,27,1
76,490,484,851.71308,28,0
67,394,503,847.11110,30,1
59,688,493,854.95934,28,1
66,493,514,828.40810,30,1
60,686,573,837.13581,25,1
61,442,496,832.21798,30,1
82,342,564,860.58077,25,0
77,745,543,859.56205,30,1
68,762,490,827.06465,27,0
68,776,566,860.15174,26,1
67,210,555,860.52127,26,1
70,673,541,841.30941,29,1
77,127,546,852.60710,26,1
72,188,519,842.53134,26,1
81,384,580,837.82031,30,1
75,424,567,842.24814,29,1
71,206,550,852.46347,25,1
60,595,519,839.91574,29,1
61,264,570,864.76249,29,1
83,162,531,844.73233,28,1
64,182,492,831.37125,26,1
62,325,574,856.59444,31,1
71,381,494,827.16926,30,1
77,289,501,845.18310,29,1
79,697,505,830.23397,30,1
78,711,531,852.25463,29,1
74,141,569,855.69846,28,1
64,552,528,842.90650,27,1
57,198,493,858.80629,29,1
63,230,578,848.36064,27,1
57,361,521,852.75630,28,1
71,136,512,839.63335,27,1
70,273,552,834.82350,25,1
73,784,528,830.05928,26,0
85,579,546,834.52518,30,1
83,298,538,855.67306,29,1
60,636,529,840.99228,30,1
76,408,554,849.73611,30,1
58,279,576,837.40000,28,1
83,404,567,861.91270,27,1
70,751,482,861.67267,29,0
56,707,511,857.36287,25,1
64,482,553,837.60824,28,1
72,576,548,850.31125,27,1
67,361,548,839.90078,31,1
57,637,497,853.52811,26,1
84,206,532,827.00405,28,1
82,441,497,845.38818,28,0
76,642,528,835.92687,26,0
82,514,563,863.58884,31,1
73,427,548,845.76404,27,1
76,534,513,826.12921,25,0
78,404,486,826.87040,28,0
61,377,545,843.31235,27,1
71,619,537,844.29420,27,0
67,730,463,864.59975,26,0
57,208,564,852.38532,28,1
86,619,573,850.86960,31,1
69,782,571,841.05560,28,1
81,459,525,840.58775,29,1
75,390,496,847.88028,27,1
59,598,576,858.92259,28,1
62,340,561,840.08982,29,1
63,692,537,854.12775,29,1
65,339,561,827.35089,30,1
85,626,499,857.56333,28,0
56,589,520,853.43388,29,1
67,517,553,857.23240,28,1
72,331,497,842.09695,26,1
77,587,580,843.24676,26,1
58,151,524,833.30034,28,1
75,453,488,841.37725,28,1
77,140,498,841.07373,28,1
77,200,536,838.61653,31,1
77,144,524,857.08174,26,1
66,470,487,864.89258,27,1
70,226,557,829.09319,26,1
72,260,531,841.09963,30,1
78,750,555,832.15697,29,1
84,479,556,843.37037,27,1
67,766,515,831.80570,28,1
72,589,536,852.78561,28,1
66,207,495,837.55359,29,1
78,732,495,829.33931,29,1
81,714,514,851.05778,28,0
77,330,558,830.99012,28,1
84,307,552,831.82002,26,1
81,781,557,861.24847,29,1
60,511,507,846.76718,30,1
74,656,485,836.63637,29,0
74,508,575,829.77943,26,1
82,303,531,846.04170,30,1
78,779,517,858.26969,27,0
60,749,500,836.65700,27,0
76,439,511,846.57911,28,1
79,487,543,860.04106,26,1
79,662,523,838.32722,29,1
79,260,540,844.21943,27,1
82,667,555,863.25258,30,1
67,327,494,862.11658,30,1
79,398,497,840.46489,29,1
72,128,561,856.94600,28,1
56,403,513,843.32344,27,1
58,786,503,848.22547,29,1
61,398,495,862.64504,27,1
68,627,536,852.25421,25,0
72,221,516,856.63175,29,1
75,596,538,847.13444,27,1
77,525,505,859.36204,27,1
79,146,528,832.87805,28,1
59,385,546,834.90236,31,1
84,704,491,848.75868,29,0
74,613,528,858.94329,29,1
72,754,534,830.85517,29,1
69,284,483,832.97510,26,1
73,521,534,842.07766,25,0
74,519,519,846.67108,25,0
72,504,509,826.79941,31,1
84,622,567,834.97866,31,1
82,562,553,837.53791,31,1
70,535,486,826.38757,30,1
56,417,515,841.23588,30,1
68,792,530,857.01484,26,0
62,635,516,849.08095,28,1
70,324,524,832.87620,29,1
83,595,555,860.29670,30,1
84,254,565,834.68522,28,1
74,696,494,829.69631,27,0
57,380,531,855.62438,27,1
76,203,521,847.21331,31,1
56,544,530,830.50508,28,1
76,203,560,863.58110,28,1
71,447,499,839.70288,26,0
85,260,554,859.88523,29,1
82,334,546,831.83889,29,1
57,158,563,864.64771,31,1
60,762,576,842.05555,30,1
64,520,575,852.75407,26,1
56,394,497,842.67232,28,1
75,765,522,827.17907,28,0
78,396,497,828.82587,25,0
77,128,528,860.33471,30,1
68,390,578,853.69250,26,1
76,366,574,837.20489,26,1
72,514,487,847.76893,30,1
86,169,568,840.29786,30,1
74,506,549,839.51300,30,1
84,126,496,846.62129,30,1
70,495,518,851.15293,25,0
73,692,487,836.42813,27,0
77,243,509,838.07308,27,1
61,482,491,861.91196,28,1
79,473,509,842.87207,31,1
58,343,559,842.39093,30,1
77,276,534,837.29209,28,1
84,748,540,846.63938,30,1
80,668,547,842.20226,27,1
56,273,497,850.21640,27,1
67,477,489,854.60799,26,0
85,719,514,833.22988,27,0
79,321,523,844.18373,26,1
67,694,515,835.56073,27,0
62,135,511,844.09310,27,1
59,380,535,861.46888,27,1
61,539,511,861.63777,30,1
72,399,552,840.38767,27,1
82,728,534,833.39794,29,1
81,441,531,830.11961,29,1
62,186,541,844.97648,28,1
60,516,492,826.50093,28,1
80,209,500,833.90150,27,1
65,772,545,849.35506,26,1
73,512,489,833.35253,28,1
60,463,506,848.49773,31,1
64,166,489,843.18001,28,1
81,664,506,826.76414,28,0
70,250,555,854.80249,28,1
66,247,508,831.47547,26,1
79,591,523,856.96755,25,0
78,407,574,841.51527,29,1
80,681,530,852.18334,27,1
58,671,540,834.72663,28,1
85,481,483,859.76077,27,0
56,725,544,827.05023,31,1
55,268,488,838.12539,28,1
86,741,528,858.94086,29,1
83,206,491,863.07427,29,1
